grade,question_id,subtopic,difficulty,question_text,correct_option,explanation,option_label,option_text,misconception_id,feedback_text
8,Q091,Fraction word problems,5,Riya ate 1/4 of a cake and Sam ate 1/3 of the same cake. What fraction of the cake is left?,C,"3/12 + 4/12 = 7/12, so 7/12 was eaten and 5/12 is left.",A,5/7,M24,"The eaten amount was found by adding tops and bottoms, which is wrong. Use a common denominator: 3/12 + 4/12 = 7/12, so 7/12 was eaten and 5/12 is left."
8,Q091,Fraction word problems,5,Riya ate 1/4 of a cake and Sam ate 1/3 of the same cake. What fraction of the cake is left?,C,"3/12 + 4/12 = 7/12, so 7/12 was eaten and 5/12 is left.",B,5/6,M29,"The common denominator was used without scaling the numerators. Correct: 3/12 + 4/12 = 7/12, so 7/12 was eaten and 5/12 is left."
8,Q091,Fraction word problems,5,Riya ate 1/4 of a cake and Sam ate 1/3 of the same cake. What fraction of the cake is left?,C,"3/12 + 4/12 = 7/12, so 7/12 was eaten and 5/12 is left.",C,5/12,,
8,Q091,Fraction word problems,5,Riya ate 1/4 of a cake and Sam ate 1/3 of the same cake. What fraction of the cake is left?,C,"3/12 + 4/12 = 7/12, so 7/12 was eaten and 5/12 is left.",D,7/12,M51,7/12 is the fraction that was eaten. The question asks what is left: 1 − 7/12 = 5/12.
8,Q092,Fraction word problems,5,Riya ate 1/2 of a cake and Sam ate 1/5 of the same cake. What fraction of the cake is left?,D,"5/10 + 2/10 = 7/10, so 7/10 was eaten and 3/10 is left.",A,5/7,M24,"The eaten amount was found by adding tops and bottoms, which is wrong. Use a common denominator: 5/10 + 2/10 = 7/10, so 7/10 was eaten and 3/10 is left."
8,Q092,Fraction word problems,5,Riya ate 1/2 of a cake and Sam ate 1/5 of the same cake. What fraction of the cake is left?,D,"5/10 + 2/10 = 7/10, so 7/10 was eaten and 3/10 is left.",B,4/5,M29,"The common denominator was used without scaling the numerators. Correct: 5/10 + 2/10 = 7/10, so 7/10 was eaten and 3/10 is left."
8,Q092,Fraction word problems,5,Riya ate 1/2 of a cake and Sam ate 1/5 of the same cake. What fraction of the cake is left?,D,"5/10 + 2/10 = 7/10, so 7/10 was eaten and 3/10 is left.",C,7/10,M51,7/10 is the fraction that was eaten. The question asks what is left: 1 − 7/10 = 3/10.
8,Q092,Fraction word problems,5,Riya ate 1/2 of a cake and Sam ate 1/5 of the same cake. What fraction of the cake is left?,D,"5/10 + 2/10 = 7/10, so 7/10 was eaten and 3/10 is left.",D,3/10,,
8,Q093,Fraction word problems,5,Amit has ₹120. He spends 3/8 of it on books. How much money does he have left?,A,Spent = 120 ÷ 8 × 3 = ₹45. Left = 120 − 45 = ₹75.,A,₹75,,
8,Q093,Fraction word problems,5,Amit has ₹120. He spends 3/8 of it on books. How much money does he have left?,A,Spent = 120 ÷ 8 × 3 = ₹45. Left = 120 − 45 = ₹75.,B,₹320,M39,"You used 8/3 instead of 3/8, which gives more money than he had. Spent = 120÷8×3 = ₹45; left = ₹75."
8,Q093,Fraction word problems,5,Amit has ₹120. He spends 3/8 of it on books. How much money does he have left?,A,Spent = 120 ÷ 8 × 3 = ₹45. Left = 120 − 45 = ₹75.,C,₹45,M51,₹45 is the amount he SPENT. The question asks how much is left: 120 − 45 = ₹75.
8,Q093,Fraction word problems,5,Amit has ₹120. He spends 3/8 of it on books. How much money does he have left?,A,Spent = 120 ÷ 8 × 3 = ₹45. Left = 120 − 45 = ₹75.,D,₹15,M38,"120÷8 = 15 is only 1/8 of the money. He spent 3 such parts (₹45), so ₹75 is left."
8,Q094,Fraction word problems,5,Amit has ₹90. He spends 2/5 of it on books. How much money does he have left?,B,Spent = 90 ÷ 5 × 2 = ₹36. Left = 90 − 36 = ₹54.,A,₹225,M39,"You used 5/2 instead of 2/5, which gives more money than he had. Spent = 90÷5×2 = ₹36; left = ₹54."
8,Q094,Fraction word problems,5,Amit has ₹90. He spends 2/5 of it on books. How much money does he have left?,B,Spent = 90 ÷ 5 × 2 = ₹36. Left = 90 − 36 = ₹54.,B,₹54,,
8,Q094,Fraction word problems,5,Amit has ₹90. He spends 2/5 of it on books. How much money does he have left?,B,Spent = 90 ÷ 5 × 2 = ₹36. Left = 90 − 36 = ₹54.,C,₹18,M38,"90÷5 = 18 is only 1/5 of the money. He spent 2 such parts (₹36), so ₹54 is left."
8,Q094,Fraction word problems,5,Amit has ₹90. He spends 2/5 of it on books. How much money does he have left?,B,Spent = 90 ÷ 5 × 2 = ₹36. Left = 90 − 36 = ₹54.,D,₹36,M51,₹36 is the amount he SPENT. The question asks how much is left: 90 − 36 = ₹54.
8,Q095,Mixed number word problems,5,Meena walked 1 1/2 km in the morning and 2 3/4 km in the evening. How far did she walk in all (in km)?,C,Wholes: 1+2 = 3. Fractions: 2/4 + 3/4 = 5/4 = 1 1/4. Total = 4 1/4.,A,3,M53,You added only the whole numbers and ignored the fractions. Wholes: 1+2 = 3. Fractions: 2/4 + 3/4 = 5/4 = 1 1/4. Total = 4 1/4.
8,Q095,Mixed number word problems,5,Meena walked 1 1/2 km in the morning and 2 3/4 km in the evening. How far did she walk in all (in km)?,C,Wholes: 1+2 = 3. Fractions: 2/4 + 3/4 = 5/4 = 1 1/4. Total = 4 1/4.,B,3 4/6,M24,You added the fractional parts by adding tops and bottoms. Wholes: 1+2 = 3. Fractions: 2/4 + 3/4 = 5/4 = 1 1/4. Total = 4 1/4.
8,Q095,Mixed number word problems,5,Meena walked 1 1/2 km in the morning and 2 3/4 km in the evening. How far did she walk in all (in km)?,C,Wholes: 1+2 = 3. Fractions: 2/4 + 3/4 = 5/4 = 1 1/4. Total = 4 1/4.,C,4 1/4,,
8,Q095,Mixed number word problems,5,Meena walked 1 1/2 km in the morning and 2 3/4 km in the evening. How far did she walk in all (in km)?,C,Wholes: 1+2 = 3. Fractions: 2/4 + 3/4 = 5/4 = 1 1/4. Total = 4 1/4.,D,4,M29,You used the common denominator without scaling the numerators. Wholes: 1+2 = 3. Fractions: 2/4 + 3/4 = 5/4 = 1 1/4. Total = 4 1/4.
8,Q096,Mixed number word problems,5,Meena walked 2 1/3 km in the morning and 1 5/6 km in the evening. How far did she walk in all (in km)?,D,Wholes: 2+1 = 3. Fractions: 2/6 + 5/6 = 7/6 = 1 1/6. Total = 4 1/6.,A,3,M53,You added only the whole numbers and ignored the fractions. Wholes: 2+1 = 3. Fractions: 2/6 + 5/6 = 7/6 = 1 1/6. Total = 4 1/6.
8,Q096,Mixed number word problems,5,Meena walked 2 1/3 km in the morning and 1 5/6 km in the evening. How far did she walk in all (in km)?,D,Wholes: 2+1 = 3. Fractions: 2/6 + 5/6 = 7/6 = 1 1/6. Total = 4 1/6.,B,4,M29,You used the common denominator without scaling the numerators. Wholes: 2+1 = 3. Fractions: 2/6 + 5/6 = 7/6 = 1 1/6. Total = 4 1/6.
8,Q096,Mixed number word problems,5,Meena walked 2 1/3 km in the morning and 1 5/6 km in the evening. How far did she walk in all (in km)?,D,Wholes: 2+1 = 3. Fractions: 2/6 + 5/6 = 7/6 = 1 1/6. Total = 4 1/6.,C,3 6/9,M24,You added the fractional parts by adding tops and bottoms. Wholes: 2+1 = 3. Fractions: 2/6 + 5/6 = 7/6 = 1 1/6. Total = 4 1/6.
8,Q096,Mixed number word problems,5,Meena walked 2 1/3 km in the morning and 1 5/6 km in the evening. How far did she walk in all (in km)?,D,Wholes: 2+1 = 3. Fractions: 2/6 + 5/6 = 7/6 = 1 1/6. Total = 4 1/6.,D,4 1/6,,
8,Q097,Fraction word problems,5,3/4 of a bottle is filled with juice. 2/5 of the juice is drunk. What fraction of the WHOLE bottle was drunk?,A,3/4 × 2/5 = 6/20 = 3/10.,A,3/10,,
8,Q097,Fraction word problems,5,3/4 of a bottle is filled with juice. 2/5 of the juice is drunk. What fraction of the WHOLE bottle was drunk?,A,3/4 × 2/5 = 6/20 = 3/10.,B,6/9,M44,You added the denominators. Multiply straight across: 3/4 × 2/5 = 6/20 = 3/10.
8,Q097,Fraction word problems,5,3/4 of a bottle is filled with juice. 2/5 of the juice is drunk. What fraction of the WHOLE bottle was drunk?,A,3/4 × 2/5 = 6/20 = 3/10.,C,23/20,M46,You added the fractions. 'Of' means multiply: 3/4 × 2/5 = 6/20 = 3/10.
8,Q097,Fraction word problems,5,3/4 of a bottle is filled with juice. 2/5 of the juice is drunk. What fraction of the WHOLE bottle was drunk?,A,3/4 × 2/5 = 6/20 = 3/10.,D,9/20,M52,9/20 of the bottle is the juice that is LEFT. The question asks about the part drunk: 3/10.
8,Q098,Fraction word problems,5,2/3 of a bottle is filled with juice. 3/4 of the juice is drunk. What fraction of the WHOLE bottle was drunk?,B,2/3 × 3/4 = 6/12 = 1/2.,A,6/7,M44,You added the denominators. Multiply straight across: 2/3 × 3/4 = 6/12 = 1/2.
8,Q098,Fraction word problems,5,2/3 of a bottle is filled with juice. 3/4 of the juice is drunk. What fraction of the WHOLE bottle was drunk?,B,2/3 × 3/4 = 6/12 = 1/2.,B,1/2,,
8,Q098,Fraction word problems,5,2/3 of a bottle is filled with juice. 3/4 of the juice is drunk. What fraction of the WHOLE bottle was drunk?,B,2/3 × 3/4 = 6/12 = 1/2.,C,17/12,M46,You added the fractions. 'Of' means multiply: 2/3 × 3/4 = 6/12 = 1/2.
8,Q098,Fraction word problems,5,2/3 of a bottle is filled with juice. 3/4 of the juice is drunk. What fraction of the WHOLE bottle was drunk?,B,2/3 × 3/4 = 6/12 = 1/2.,D,1/6,M52,1/6 of the bottle is the juice that is LEFT. The question asks about the part drunk: 1/2.
8,Q099,Fraction word problems,5,A rope is 3/4 metre long. It is cut into pieces of 1/8 metre each. How many pieces are there?,C,3/4 ÷ 1/8 = 3/4 × 8/1 = 6.,A,5/8,M34,You subtracted the lengths. Number of pieces = length ÷ piece length: 3/4 ÷ 1/8 = 3/4 × 8/1 = 6.
8,Q099,Fraction word problems,5,A rope is 3/4 metre long. It is cut into pieces of 1/8 metre each. How many pieces are there?,C,3/4 ÷ 1/8 = 3/4 × 8/1 = 6.,B,3/32,M47,"You multiplied. To find how many pieces, DIVIDE the rope length by the piece length: 3/4 ÷ 1/8 = 3/4 × 8/1 = 6."
8,Q099,Fraction word problems,5,A rope is 3/4 metre long. It is cut into pieces of 1/8 metre each. How many pieces are there?,C,3/4 ÷ 1/8 = 3/4 × 8/1 = 6.,C,6,,
8,Q099,Fraction word problems,5,A rope is 3/4 metre long. It is cut into pieces of 1/8 metre each. How many pieces are there?,C,3/4 ÷ 1/8 = 3/4 × 8/1 = 6.,D,1/6,M48,You flipped the rope length instead of the piece length. Flip the fraction you are dividing BY: 3/4 ÷ 1/8 = 3/4 × 8/1 = 6.
8,Q100,Fraction word problems,5,A rope is 5/6 metre long. It is cut into pieces of 1/12 metre each. How many pieces are there?,D,5/6 ÷ 1/12 = 5/6 × 12/1 = 10.,A,1/10,M48,You flipped the rope length instead of the piece length. Flip the fraction you are dividing BY: 5/6 ÷ 1/12 = 5/6 × 12/1 = 10.
8,Q100,Fraction word problems,5,A rope is 5/6 metre long. It is cut into pieces of 1/12 metre each. How many pieces are there?,D,5/6 ÷ 1/12 = 5/6 × 12/1 = 10.,B,3/4,M34,You subtracted the lengths. Number of pieces = length ÷ piece length: 5/6 ÷ 1/12 = 5/6 × 12/1 = 10.
8,Q100,Fraction word problems,5,A rope is 5/6 metre long. It is cut into pieces of 1/12 metre each. How many pieces are there?,D,5/6 ÷ 1/12 = 5/6 × 12/1 = 10.,C,5/72,M47,"You multiplied. To find how many pieces, DIVIDE the rope length by the piece length: 5/6 ÷ 1/12 = 5/6 × 12/1 = 10."
8,Q100,Fraction word problems,5,A rope is 5/6 metre long. It is cut into pieces of 1/12 metre each. How many pieces are there?,D,5/6 ÷ 1/12 = 5/6 × 12/1 = 10.,D,10,,
